[{"pk": 1, "model": "contenttypes.contenttype", "fields": {"model": "permission", "name": "permission", "app_label": "auth"}}, {"pk": 2, "model": "contenttypes.contenttype", "fields": {"model": "group", "name": "group", "app_label": "auth"}}, {"pk": 3, "model": "contenttypes.contenttype", "fields": {"model": "user", "name": "user", "app_label": "auth"}}, {"pk": 4, "model": "contenttypes.contenttype", "fields": {"model": "contenttype", "name": "content type", "app_label": "contenttypes"}}, {"pk": 5, "model": "contenttypes.contenttype", "fields": {"model": "session", "name": "session", "app_label": "sessions"}}, {"pk": 6, "model": "contenttypes.contenttype", "fields": {"model": "site", "name": "site", "app_label": "sites"}}, {"pk": 7, "model": "contenttypes.contenttype", "fields": {"model": "logentry", "name": "log entry", "app_label": "admin"}}, {"pk": 8, "model": "contenttypes.contenttype", "fields": {"model": "migrationhistory", "name": "migration history", "app_label": "south"}}, {"pk": 9, "model": "contenttypes.contenttype", "fields": {"model": "grupo", "name": "grupo", "app_label": "dbadmin"}}, {"pk": 10, "model": "contenttypes.contenttype", "fields": {"model": "banco", "name": "banco", "app_label": "dbadmin"}}, {"pk": 11, "model": "contenttypes.contenttype", "fields": {"model": "categoria", "name": "categoria", "app_label": "dbadmin"}}, {"pk": 12, "model": "contenttypes.contenttype", "fields": {"model": "cliente", "name": "cliente", "app_label": "dbadmin"}}, {"pk": 13, "model": "contenttypes.contenttype", "fields": {"model": "cobranza", "name": "cobranza", "app_label": "dbadmin"}}, {"pk": 14, "model": "contenttypes.contenttype", "fields": {"model": "cuentaporcobrar", "name": "cuenta por cobrar", "app_label": "dbadmin"}}, {"pk": 15, "model": "contenttypes.contenttype", "fields": {"model": "deposito", "name": "dep\u00f3sito", "app_label": "dbadmin"}}, {"pk": 16, "model": "contenttypes.contenttype", "fields": {"model": "detalleproducto", "name": "detalle producto", "app_label": "dbadmin"}}, {"pk": 17, "model": "contenttypes.contenttype", "fields": {"model": "direccion", "name": "direccion", "app_label": "dbadmin"}}, {"pk": 18, "model": "contenttypes.contenttype", "fields": {"model": "item", "name": "item", "app_label": "dbadmin"}}, {"pk": 19, "model": "contenttypes.contenttype", "fields": {"model": "itempedido", "name": "item pedido", "app_label": "dbadmin"}}, {"pk": 20, "model": "contenttypes.contenttype", "fields": {"model": "metodopago", "name": "metodo pago", "app_label": "dbadmin"}}, {"pk": 21, "model": "contenttypes.contenttype", "fields": {"model": "motivo", "name": "motivo", "app_label": "dbadmin"}}, {"pk": 22, "model": "contenttypes.contenttype", "fields": {"model": "pago", "name": "pago", "app_label": "dbadmin"}}, {"pk": 23, "model": "contenttypes.contenttype", "fields": {"model": "pedido", "name": "pedido", "app_label": "dbadmin"}}, {"pk": 24, "model": "contenttypes.contenttype", "fields": {"model": "producto", "name": "producto", "app_label": "dbadmin"}}, {"pk": 25, "model": "contenttypes.contenttype", "fields": {"model": "unidad", "name": "unidad", "app_label": "dbadmin"}}, {"pk": 26, "model": "contenttypes.contenttype", "fields": {"model": "visita", "name": "visita", "app_label": "dbadmin"}}, {"pk": 27, "model": "contenttypes.contenttype", "fields": {"model": "rsgrupousuario", "name": "rs grupo usuario", "app_label": "dbadmin"}}, {"pk": 28, "model": "contenttypes.contenttype", "fields": {"model": "usuario", "name": "usuario", "app_label": "dbadmin"}}, {"pk": 29, "model": "contenttypes.contenttype", "fields": {"model": "secuencia", "name": "secuencia", "app_label": "dbadmin"}}, {"pk": 30, "model": "contenttypes.contenttype", "fields": {"model": "visitaclose", "name": "Cerrar Visitas", "app_label": "dbadmin"}}, {"pk": 31, "model": "contenttypes.contenttype", "fields": {"model": "visitareschedule", "name": "Reagendar Visitas", "app_label": "dbadmin"}}, {"pk": "m2cvfuf9fpscbqpf0n1ntgpbenexqeyo", "model": "sessions.session", "fields": {"expire_date": "2013-05-07T15:13:12Z", "session_data": "MWFjZWQ3MjU4ZDEzYWQ1YTY4MTgwZmVmY2RkY2M1MGNlYWI5NTYzMDqAAn1xAShVEl9hdXRoX3VzZXJfYmFja2VuZHECVSlkamFuZ28uY29udHJpYi5hdXRoLmJhY2tlbmRzLk1vZGVsQmFja2VuZHEDVQ1fYXV0aF91c2VyX2lkcQSKAQJ1Lg=="}}, {"pk": 1, "model": "sites.site", "fields": {"domain": "example.com", "name": "example.com"}}, {"pk": "admin", "model": "dbadmin.grupo", "fields": {"descripcion": "Es un grupo", "field_timestamp_c": "2013-04-22T20:56:31", "field_timestamp_m": "2013-04-22T20:56:31", "field_deleted": false}}, {"pk": "Producto Ama De Casa", "model": "dbadmin.grupo", "fields": {"descripcion": "Es un documento", "field_timestamp_c": "2013-04-22T20:56:31", "field_timestamp_m": "2013-04-22T20:56:31", "field_deleted": false}}, {"pk": "usuario1:webadmin:1366719232", "model": "dbadmin.banco", "fields": {"field_inst_id": "webadmin", "field_group_id": "admin", "field_deleted": false, "counter": 1366719232, "field_timestamp_m": "2013-04-23T11:43:52", "field_owner_id": "usuario1", "field_permissions": 0, "nombre": "TEST BANCO", "field_timestamp_c": "2013-04-23T11:43:52"}}, {"pk": "1", "model": "dbadmin.categoria", "fields": {"parent_id_level": 1, "field_inst_id": "webadmin", "field_group_id": "admin", "level": 1, "field_deleted": false, "counter": 1, "id_level": 1, "field_timestamp_m": "2013-04-16T04:30:00", "field_owner_id": "usuario1", "field_permissions": 0, "nombre": "Ba\u00f1o", "field_timestamp_c": "2013-04-16T04:30:01"}}, {"pk": "10", "model": "dbadmin.categoria", "fields": {"parent_id_level": 1, "field_inst_id": "webadmin", "field_group_id": "admin", "level": 5, "field_deleted": false, "counter": 10, "id_level": 18, "field_timestamp_m": "2013-04-16T04:30:00", "field_owner_id": "usuario1", "field_permissions": 0, "nombre": "Matrimonial", "field_timestamp_c": "2013-04-16T04:30:10"}}, {"pk": "11", "model": "dbadmin.categoria", "fields": {"parent_id_level": 1, "field_inst_id": "webadmin", "field_group_id": "admin", "level": 6, "field_deleted": false, "counter": 11, "id_level": 145, "field_timestamp_m": "2013-04-16T04:30:00", "field_owner_id": "usuario1", "field_permissions": 0, "nombre": "Chocolate", "field_timestamp_c": "2013-04-16T04:30:11"}}, {"pk": "12", "model": "dbadmin.categoria", "fields": {"parent_id_level": 1, "field_inst_id": "webadmin", "field_group_id": "admin", "level": 6, "field_deleted": false, "counter": 12, "id_level": 84, "field_timestamp_m": "2013-04-16T04:30:00", "field_owner_id": "usuario1", "field_permissions": 0, "nombre": "Eucalipto", "field_timestamp_c": "2013-04-16T04:30:12"}}, {"pk": "2", "model": "dbadmin.categoria", "fields": {"parent_id_level": 1, "field_inst_id": "webadmin", "field_group_id": "admin", "level": 1, "field_deleted": false, "counter": 2, "id_level": 2, "field_timestamp_m": "2013-04-16T04:30:00", "field_owner_id": "usuario1", "field_permissions": 0, "nombre": "Dormitorio", "field_timestamp_c": "2013-04-16T04:30:02"}}, {"pk": "3", "model": "dbadmin.categoria", "fields": {"parent_id_level": 1, "field_inst_id": "webadmin", "field_group_id": "admin", "level": 2, "field_deleted": false, "counter": 3, "id_level": 45, "field_timestamp_m": "2013-04-16T04:30:00", "field_owner_id": "usuario1", "field_permissions": 0, "nombre": "Toalla Unicolor", "field_timestamp_c": "2013-04-16T04:30:03"}}, {"pk": "4", "model": "dbadmin.categoria", "fields": {"parent_id_level": 1, "field_inst_id": "webadmin", "field_group_id": "admin", "level": 2, "field_deleted": false, "counter": 4, "id_level": 5, "field_timestamp_m": "2013-04-16T04:30:00", "field_owner_id": "usuario1", "field_permissions": 0, "nombre": "Sabana", "field_timestamp_c": "2013-04-16T04:30:04"}}, {"pk": "5", "model": "dbadmin.categoria", "fields": {"parent_id_level": 1, "field_inst_id": "webadmin", "field_group_id": "admin", "level": 3, "field_deleted": false, "counter": 5, "id_level": 19, "field_timestamp_m": "2013-04-16T04:30:00", "field_owner_id": "usuario1", "field_permissions": 0, "nombre": "Premium", "field_timestamp_c": "2013-04-16T04:30:05"}}, {"pk": "6", "model": "dbadmin.categoria", "fields": {"parent_id_level": 1, "field_inst_id": "webadmin", "field_group_id": "admin", "level": 3, "field_deleted": false, "counter": 6, "id_level": 25, "field_timestamp_m": "2013-04-16T04:30:00", "field_owner_id": "usuario1", "field_permissions": 0, "nombre": "Millenium", "field_timestamp_c": "2013-04-16T04:30:06"}}, {"pk": "7", "model": "dbadmin.categoria", "fields": {"parent_id_level": 1, "field_inst_id": "webadmin", "field_group_id": "admin", "level": 4, "field_deleted": false, "counter": 7, "id_level": 2, "field_timestamp_m": "2013-04-16T04:30:00", "field_owner_id": "usuario1", "field_permissions": 0, "nombre": "Segunda", "field_timestamp_c": "2013-04-16T04:30:07"}}, {"pk": "8", "model": "dbadmin.categoria", "fields": {"parent_id_level": 1, "field_inst_id": "webadmin", "field_group_id": "admin", "level": 4, "field_deleted": false, "counter": 8, "id_level": 3, "field_timestamp_m": "2013-04-16T04:30:00", "field_owner_id": "usuario1", "field_permissions": 0, "nombre": "Primera", "field_timestamp_c": "2013-04-16T04:30:08"}}, {"pk": "9", "model": "dbadmin.categoria", "fields": {"parent_id_level": 1, "field_inst_id": "webadmin", "field_group_id": "admin", "level": 5, "field_deleted": false, "counter": 9, "id_level": 1, "field_timestamp_m": "2013-04-16T04:30:00", "field_owner_id": "usuario1", "field_permissions": 0, "nombre": "Mano", "field_timestamp_c": "2013-04-16T04:30:09"}}, {"pk": "usuario1:webadmin:1366718812", "model": "dbadmin.cliente", "fields": {"id_lista_precio": "", "pc_cargo": "Cargo", "descuento_otro1": null, "field_deleted": false, "descuento_otro2": null, "correo": "comercialdjesus@hotmail.com", "field_owner_id": "usuario1", "identificacion": "TEST CLIENTE", "field_permissions": 0, "comentario": "Comentario", "pc_fecha_nacimiento": "2013-04-23", "telefono1": "", "field_group_id": "admin", "tipo": null, "telefono2": "", "razon_social": "TEST CLIENTE", "descuento_maestro": null, "fax": "", "field_inst_id": "webadmin", "pc_correo_electronico": "jesus@gmail.com", "pc_telefono": "33333", "codigo": "123456", "counter": 1366718812, "pc_celular": "33333", "field_timestamp_m": "2013-04-23T09:03:14", "field_timestamp_c": "2013-04-23T11:36:52", "flete": null, "pc_nombre": "Jesus"}}, {"pk": "usuario1:webadmin:1366725828", "model": "dbadmin.cliente", "fields": {"id_lista_precio": "", "pc_cargo": "Cargo", "descuento_otro1": null, "field_deleted": false, "descuento_otro2": null, "correo": "comercialdjesus@hotmail.com", "field_owner_id": "usuario1", "identificacion": "TEST CLIENTE2", "field_permissions": 0, "comentario": "Comentario", "pc_fecha_nacimiento": "2013-04-23", "telefono1": "", "field_group_id": "admin", "tipo": null, "telefono2": "", "razon_social": "TEST CLIENTE2", "descuento_maestro": null, "fax": "", "field_inst_id": "webadmin", "pc_correo_electronico": "jesus@gmail.com", "pc_telefono": "33333", "codigo": "12345678", "counter": 1366725828, "pc_celular": "33333", "field_timestamp_m": "2013-04-23T09:03:48", "field_timestamp_c": "2013-04-23T09:03:48", "flete": null, "pc_nombre": "Jesus"}}, {"pk": "usuario1:webadmin:1366718867", "model": "dbadmin.cobranza", "fields": {"latitud": null, "counter": 1366718867, "field_inst_id": "webadmin", "field_group_id": "admin", "monto": 11.0, "fecha": null, "concepto": "TEST CONCEPTO", "impreso": true, "numero_recibo": "12345", "field_timestamp_m": "2013-04-23T11:38:12", "field_owner_id": "usuario1", "field_deleted": false, "field_permissions": 0, "field_timestamp_c": "2013-04-23T11:38:12", "id_cobrador": "TEST COBRADOR", "fecha_impreso": null, "id_cliente": "usuario1:webadmin:1366718812", "longitud": null}}, {"pk": "usuario1:webadmin:1366725847", "model": "dbadmin.cobranza", "fields": {"latitud": null, "counter": 1366725847, "field_inst_id": "webadmin", "field_group_id": "admin", "monto": 200.0, "fecha": null, "concepto": "TEST CONCEPTO", "impreso": true, "numero_recibo": "12345678", "field_timestamp_m": "2013-04-23T09:04:43", "field_owner_id": "usuario1", "field_deleted": false, "field_permissions": 0, "field_timestamp_c": "2013-04-23T09:04:07", "id_cobrador": "TEST COBRADOR", "fecha_impreso": null, "id_cliente": "usuario1:webadmin:1366725828", "longitud": null}}, {"pk": "usuario1:webadmin:1366718926", "model": "dbadmin.cuentaporcobrar", "fields": {"numero_documento": "12345", "saldo_actual": 100.0, "field_group_id": "admin", "fecha_vencimiento": "2013-04-03", "fecha_entrega": null, "id_cliente": "usuario1:webadmin:1366718812", "fecha_despacho": null, "field_deleted": false, "field_inst_id": "webadmin", "procesada": null, "monto_original": 200.0, "field_timestamp_m": "2013-04-23T09:05:32", "field_owner_id": "usuario1", "cancelada": null, "field_permissions": 0, "id_cobranza": "usuario1:webadmin:1366718867", "field_timestamp_c": "2013-04-23T11:39:07", "fecha_documento": "2013-04-02", "counter": 1366718926}}, {"pk": "usuario1:webadmin:1366725916", "model": "dbadmin.cuentaporcobrar", "fields": {"numero_documento": "987656", "saldo_actual": 100.0, "field_group_id": "admin", "fecha_vencimiento": "2013-04-26", "fecha_entrega": null, "id_cliente": "usuario1:webadmin:1366725828", "fecha_despacho": null, "field_deleted": false, "field_inst_id": "webadmin", "procesada": false, "monto_original": 200.0, "field_timestamp_m": "2013-04-23T09:05:16", "field_owner_id": "usuario1", "cancelada": true, "field_permissions": 0, "id_cobranza": "usuario1:webadmin:1366725847", "field_timestamp_c": "2013-04-23T09:05:16", "fecha_documento": "2013-04-02", "counter": 1366725916}}, {"pk": "usuario1:webadmin:1366719495", "model": "dbadmin.deposito", "fields": {"latitud": null, "field_inst_id": "webadmin", "field_group_id": "admin", "monto": 200.0, "fecha": "2013-04-05", "counter": 1366719495, "cuenta": "Cuenta", "id_banco": "usuario1:webadmin:1366719232", "field_timestamp_m": "2013-04-23T11:48:34", "numero": "12345", "field_owner_id": "usuario1", "field_deleted": false, "field_permissions": 0, "field_timestamp_c": "2013-04-23T11:48:34", "longitud": null}}, {"pk": "usuario1:webadmin:1366725963", "model": "dbadmin.deposito", "fields": {"latitud": null, "field_inst_id": "webadmin", "field_group_id": "admin", "monto": 2700.0, "fecha": "2013-04-05", "counter": 1366725963, "cuenta": "Cuenta", "id_banco": "usuario1:webadmin:1366719232", "field_timestamp_m": "2013-04-23T09:06:03", "numero": "1234", "field_owner_id": "usuario1", "field_deleted": false, "field_permissions": 0, "field_timestamp_c": "2013-04-23T09:06:03", "longitud": null}}, {"pk": "usuario1:webadmin:1366725392", "model": "dbadmin.detalleproducto", "fields": {"field_inst_id": "webadmin", "field_group_id": "admin", "id_letter": "", "field_deleted": false, "counter": 1366725392, "descripcion_level": "Ba\u00f1o", "id_level": 1, "field_timestamp_m": "2013-04-23T08:58:10", "field_owner_id": "usuario1", "field_permissions": 0, "id_producto": "usuario1:webadmin:1366725392", "field_timestamp_c": "2013-04-23T08:56:32", "level": 1}}, {"pk": "usuario1:webadmin:1366725393", "model": "dbadmin.detalleproducto", "fields": {"field_inst_id": "webadmin", "field_group_id": "admin", "id_letter": "", "field_deleted": false, "counter": 1366725393, "descripcion_level": "Toalla Unicolor", "id_level": 45, "field_timestamp_m": "2013-04-23T08:58:10", "field_owner_id": "usuario1", "field_permissions": 0, "id_producto": "usuario1:webadmin:1366725392", "field_timestamp_c": "2013-04-23T08:56:33", "level": 2}}, {"pk": "usuario1:webadmin:1366725394", "model": "dbadmin.detalleproducto", "fields": {"field_inst_id": "webadmin", "field_group_id": "admin", "id_letter": "", "field_deleted": false, "counter": 1366725394, "descripcion_level": "Premium", "id_level": 19, "field_timestamp_m": "2013-04-23T08:58:10", "field_owner_id": "usuario1", "field_permissions": 0, "id_producto": "usuario1:webadmin:1366725392", "field_timestamp_c": "2013-04-23T08:56:34", "level": 3}}, {"pk": "usuario1:webadmin:1366725395", "model": "dbadmin.detalleproducto", "fields": {"field_inst_id": "webadmin", "field_group_id": "admin", "id_letter": "", "field_deleted": false, "counter": 1366725395, "descripcion_level": "Segunda", "id_level": 2, "field_timestamp_m": "2013-04-23T08:58:10", "field_owner_id": "usuario1", "field_permissions": 0, "id_producto": "usuario1:webadmin:1366725392", "field_timestamp_c": "2013-04-23T08:56:35", "level": 4}}, {"pk": "usuario1:webadmin:1366725396", "model": "dbadmin.detalleproducto", "fields": {"field_inst_id": "webadmin", "field_group_id": "admin", "id_letter": "", "field_deleted": false, "counter": 1366725396, "descripcion_level": "Matrimonial", "id_level": 18, "field_timestamp_m": "2013-04-23T08:58:10", "field_owner_id": "usuario1", "field_permissions": 0, "id_producto": "usuario1:webadmin:1366725392", "field_timestamp_c": "2013-04-23T08:56:36", "level": 5}}, {"pk": "usuario1:webadmin:1366725397", "model": "dbadmin.detalleproducto", "fields": {"field_inst_id": "webadmin", "field_group_id": "admin", "id_letter": "", "field_deleted": false, "counter": 1366725397, "descripcion_level": "Chocolate", "id_level": 145, "field_timestamp_m": "2013-04-23T08:58:10", "field_owner_id": "usuario1", "field_permissions": 0, "id_producto": "usuario1:webadmin:1366725392", "field_timestamp_c": "2013-04-23T08:56:37", "level": 6}}, {"pk": "usuario1:webadmin:1366725763", "model": "dbadmin.itempedido", "fields": {"cantidad": 1, "field_owner_id": "usuario1", "field_deleted": false, "comentario": "", "field_permissions": 0, "field_group_id": "admin", "direccion_entrega": "", "descuento": null, "monto_total": null, "tipo_descuento": null, "id_producto": "usuario1:webadmin:1366725392", "field_inst_id": "webadmin", "porcentaje_impuesto": null, "monto_impuesto": null, "id_unidad": "usuario1:webadmin:1366725710", "id_impuesto": null, "counter": 1366725763, "descuento_negativo": null, "precio_unidad": 48.4, "field_timestamp_m": "2013-04-23T09:02:43", "id_pedido": "usuario1:webadmin:1366725763", "field_timestamp_c": "2013-04-23T09:02:43", "flete": null}}, {"pk": "1", "model": "dbadmin.metodopago", "fields": {"field_inst_id": "webadmin", "field_group_id": "admin", "titular": null, "monto": null, "fecha": null, "counter": null, "field_deleted": true, "numero": null, "deposito": null, "field_timestamp_m": "2013-04-23T11:46:23", "field_owner_id": "usuario1", "field_permissions": 0, "nombre": "EFECTIVO", "field_timestamp_c": "2013-04-23T11:46:23", "banco": null}}, {"pk": "1", "model": "dbadmin.motivo", "fields": {"field_inst_id": "webadmin", "field_group_id": "admin", "tipo": 1, "field_deleted": false, "counter": 1, "field_timestamp_m": "2013-04-16T00:00:01", "field_owner_id": "usuario1", "field_permissions": 0, "nombre": "Social", "field_timestamp_c": "2013-04-16T00:00:01"}}, {"pk": "10", "model": "dbadmin.motivo", "fields": {"field_inst_id": "webadmin", "field_group_id": "admin", "tipo": 4, "field_deleted": false, "counter": 10, "field_timestamp_m": "2013-04-16T00:00:01", "field_owner_id": "usuario1", "field_permissions": 0, "nombre": "Gerente Ausente", "field_timestamp_c": "2013-04-16T00:00:10"}}, {"pk": "2", "model": "dbadmin.motivo", "fields": {"field_inst_id": "webadmin", "field_group_id": "admin", "tipo": 1, "field_deleted": false, "counter": 2, "field_timestamp_m": "2013-04-16T00:00:02", "field_owner_id": "usuario1", "field_permissions": 0, "nombre": "Pedidos", "field_timestamp_c": "2013-04-16T00:00:02"}}, {"pk": "3", "model": "dbadmin.motivo", "fields": {"field_inst_id": "webadmin", "field_group_id": "admin", "tipo": 1, "field_deleted": false, "counter": 3, "field_timestamp_m": "2013-04-16T00:00:03", "field_owner_id": "usuario1", "field_permissions": 0, "nombre": "Cobranza", "field_timestamp_c": "2013-04-16T00:00:03"}}, {"pk": "4", "model": "dbadmin.motivo", "fields": {"field_inst_id": "webadmin", "field_group_id": "admin", "tipo": 1, "field_deleted": false, "counter": 4, "field_timestamp_m": "2013-04-16T00:00:04", "field_owner_id": "usuario1", "field_permissions": 0, "nombre": "Gesti\u00f3n Completa", "field_timestamp_c": "2013-04-16T00:00:04"}}, {"pk": "5", "model": "dbadmin.motivo", "fields": {"field_inst_id": "webadmin", "field_group_id": "admin", "tipo": 2, "field_deleted": false, "counter": 5, "field_timestamp_m": "2013-04-16T00:00:01", "field_owner_id": "usuario1", "field_permissions": 0, "nombre": "Mal Clima", "field_timestamp_c": "2013-04-16T00:00:05"}}, {"pk": "6", "model": "dbadmin.motivo", "fields": {"field_inst_id": "webadmin", "field_group_id": "admin", "tipo": 2, "field_deleted": false, "counter": 6, "field_timestamp_m": "2013-04-16T00:00:01", "field_owner_id": "usuario1", "field_permissions": 0, "nombre": "Mucho Tr\u00e1fico", "field_timestamp_c": "2013-04-16T00:00:06"}}, {"pk": "7", "model": "dbadmin.motivo", "fields": {"field_inst_id": "webadmin", "field_group_id": "admin", "tipo": 2, "field_deleted": false, "counter": 7, "field_timestamp_m": "2013-04-16T00:00:01", "field_owner_id": "usuario1", "field_permissions": 0, "nombre": "Enfermedad", "field_timestamp_c": "2013-04-16T00:00:07"}}, {"pk": "8", "model": "dbadmin.motivo", "fields": {"field_inst_id": "webadmin", "field_group_id": "admin", "tipo": 3, "field_deleted": false, "counter": 8, "field_timestamp_m": "2013-04-16T00:00:01", "field_owner_id": "usuario1", "field_permissions": 0, "nombre": "No Pago", "field_timestamp_c": "2013-04-16T00:00:08"}}, {"pk": "9", "model": "dbadmin.motivo", "fields": {"field_inst_id": "webadmin", "field_group_id": "admin", "tipo": 3, "field_deleted": false, "counter": 9, "field_timestamp_m": "2013-04-16T00:00:01", "field_owner_id": "usuario1", "field_permissions": 0, "nombre": "Gerente Ausente", "field_timestamp_c": "2013-04-16T00:00:09"}}, {"pk": "usuario1:webadmin:1366719495", "model": "dbadmin.pago", "fields": {"field_deleted": false, "counter": 1366719495, "field_inst_id": "webadmin", "field_group_id": "admin", "titular": "Titular", "monto": 123.0, "numero_documento": "1233", "id_metodo_pago": "1", "id_banco": "usuario1:webadmin:1366719232", "saldo": 123.0, "field_timestamp_m": "2013-04-23T11:48:15", "field_owner_id": "usuario1", "field_permissions": 0, "id_cobranza": "usuario1:webadmin:1366718867", "field_timestamp_c": "2013-04-23T11:48:15", "fecha_documento": null, "id_deposito": "usuario1:webadmin:1366719495"}}, {"pk": "usuario1:webadmin:1366725963", "model": "dbadmin.pago", "fields": {"field_deleted": false, "counter": 1366725963, "field_inst_id": "webadmin", "field_group_id": "admin", "titular": "Titular", "monto": 123.0, "numero_documento": "1234", "id_metodo_pago": "1", "id_banco": "usuario1:webadmin:1366719232", "saldo": 123.0, "field_timestamp_m": "2013-04-23T09:06:03", "field_owner_id": "usuario1", "field_permissions": 0, "id_cobranza": "usuario1:webadmin:1366725847", "field_timestamp_c": "2013-04-23T09:06:03", "fecha_documento": "2013-04-11", "id_deposito": "usuario1:webadmin:1366725963"}}, {"pk": "usuario1:webadmin:1366725763", "model": "dbadmin.pedido", "fields": {"latitud": null, "field_group_id": "admin", "descuento_otro1": null, "sub_total": null, "id_metodo_pago": "1", "field_owner_id": "usuario1", "field_deleted": false, "total": 12.0, "comentario": "Comentario", "field_permissions": 0, "fecha": "2013-04-25", "fecha_entrega": "2013-04-24", "impuesto": null, "descuento_maestro": null, "descuento_otro2": null, "field_inst_id": "webadmin", "numero": "1234", "field_timestamp_c": "2013-04-23T09:02:43", "longitud": null, "orden_de_compra": "", "otro_impuesto": null, "id_cliente": "usuario1:webadmin:1366718812", "counter": 1366725763, "field_timestamp_m": "2013-04-23T09:02:54", "total_bruto": null, "flete": null}}, {"pk": "usuario1:webadmin:1366725392", "model": "dbadmin.producto", "fields": {"field_group_id": "admin", "field_inst_id": "webadmin", "imagen": "", "cantidad": 4, "field_deleted": false, "field_timestamp_c": "2013-04-23T08:56:32", "counter": 1366725392, "precio": 350.0, "field_timestamp_m": "2013-04-23T08:58:10", "field_owner_id": "usuario1", "field_permissions": 0, "nombre": "TEST PRODUCTO", "itemno": "1000", "comentario": ""}}, {"pk": "usuario1:webadmin:1366725710", "model": "dbadmin.unidad", "fields": {"field_inst_id": "webadmin", "field_group_id": "admin", "field_deleted": false, "counter": 1366725710, "field_timestamp_m": "2013-04-23T09:01:50", "field_owner_id": "usuario1", "field_permissions": 0, "nombre": "TEST UNIDAD", "field_timestamp_c": "2013-04-23T09:01:50", "unidad": 1}}, {"pk": "user2:webadmin:1366730011", "model": "dbadmin.visita", "fields": {"counter": 1366730011, "field_owner_id": "user2", "id_motivo_no_visita": "6", "field_group_id": "admin", "fecha_reagenda": "2013-04-24", "field_deleted": false, "field_timestamp_c": "2013-04-23T10:13:31", "id_cliente": "usuario1:webadmin:1366725828", "id_motivo_no_pedido": null, "fecha_modificacion": null, "comentario": "Comentario", "field_inst_id": "webadmin", "hora_inicio": "", "field_timestamp_m": "2013-04-23T10:14:05", "id_motivo_no_cobranza": null, "id_motivo_visita": "4", "field_permissions": 0, "visitado": false, "hora_fin": "", "fecha": "2013-04-24"}}, {"pk": "user2:webadmin:1366730062", "model": "dbadmin.visita", "fields": {"counter": 1366730062, "field_owner_id": "user2", "id_motivo_no_visita": null, "field_group_id": "admin", "fecha_reagenda": null, "field_deleted": false, "field_timestamp_c": "2013-04-23T10:14:22", "id_cliente": "usuario1:webadmin:1366718812", "id_motivo_no_pedido": null, "fecha_modificacion": null, "comentario": "Comentario", "field_inst_id": "webadmin", "hora_inicio": "", "field_timestamp_m": "2013-04-23T10:14:22", "id_motivo_no_cobranza": null, "id_motivo_visita": "2", "field_permissions": 0, "visitado": null, "hora_fin": "", "fecha": "2013-04-25"}}, {"pk": 1, "model": "south.migrationhistory", "fields": {"applied": "2013-04-23T19:38:10Z", "app_name": "dbadmin", "migration": "0001_initial"}}, {"pk": 2, "model": "south.migrationhistory", "fields": {"applied": "2013-04-23T19:38:10Z", "app_name": "dbadmin", "migration": "0002_initial_data_migration"}}, {"pk": 1, "model": "auth.permission", "fields": {"codename": "add_permission", "name": "Can add permission", "content_type": ["auth", "permission"]}}, {"pk": 2, "model": "auth.permission", "fields": {"codename": "change_permission", "name": "Can change permission", "content_type": ["auth", "permission"]}}, {"pk": 3, "model": "auth.permission", "fields": {"codename": "delete_permission", "name": "Can delete permission", "content_type": ["auth", "permission"]}}, {"pk": 4, "model": "auth.permission", "fields": {"codename": "add_group", "name": "Can add group", "content_type": ["auth", "group"]}}, {"pk": 5, "model": "auth.permission", "fields": {"codename": "change_group", "name": "Can change group", "content_type": ["auth", "group"]}}, {"pk": 6, "model": "auth.permission", "fields": {"codename": "delete_group", "name": "Can delete group", "content_type": ["auth", "group"]}}, {"pk": 7, "model": "auth.permission", "fields": {"codename": "add_user", "name": "Can add user", "content_type": ["auth", "user"]}}, {"pk": 8, "model": "auth.permission", "fields": {"codename": "change_user", "name": "Can change user", "content_type": ["auth", "user"]}}, {"pk": 9, "model": "auth.permission", "fields": {"codename": "delete_user", "name": "Can delete user", "content_type": ["auth", "user"]}}, {"pk": 10, "model": "auth.permission", "fields": {"codename": "add_contenttype", "name": "Can add content type", "content_type": ["contenttypes", "contenttype"]}}, {"pk": 11, "model": "auth.permission", "fields": {"codename": "change_contenttype", "name": "Can change content type", "content_type": ["contenttypes", "contenttype"]}}, {"pk": 12, "model": "auth.permission", "fields": {"codename": "delete_contenttype", "name": "Can delete content type", "content_type": ["contenttypes", "contenttype"]}}, {"pk": 13, "model": "auth.permission", "fields": {"codename": "add_session", "name": "Can add session", "content_type": ["sessions", "session"]}}, {"pk": 14, "model": "auth.permission", "fields": {"codename": "change_session", "name": "Can change session", "content_type": ["sessions", "session"]}}, {"pk": 15, "model": "auth.permission", "fields": {"codename": "delete_session", "name": "Can delete session", "content_type": ["sessions", "session"]}}, {"pk": 16, "model": "auth.permission", "fields": {"codename": "add_site", "name": "Can add site", "content_type": ["sites", "site"]}}, {"pk": 17, "model": "auth.permission", "fields": {"codename": "change_site", "name": "Can change site", "content_type": ["sites", "site"]}}, {"pk": 18, "model": "auth.permission", "fields": {"codename": "delete_site", "name": "Can delete site", "content_type": ["sites", "site"]}}, {"pk": 19, "model": "auth.permission", "fields": {"codename": "add_logentry", "name": "Can add log entry", "content_type": ["admin", "logentry"]}}, {"pk": 20, "model": "auth.permission", "fields": {"codename": "change_logentry", "name": "Can change log entry", "content_type": ["admin", "logentry"]}}, {"pk": 21, "model": "auth.permission", "fields": {"codename": "delete_logentry", "name": "Can delete log entry", "content_type": ["admin", "logentry"]}}, {"pk": 22, "model": "auth.permission", "fields": {"codename": "add_migrationhistory", "name": "Can add migration history", "content_type": ["south", "migrationhistory"]}}, {"pk": 23, "model": "auth.permission", "fields": {"codename": "change_migrationhistory", "name": "Can change migration history", "content_type": ["south", "migrationhistory"]}}, {"pk": 24, "model": "auth.permission", "fields": {"codename": "delete_migrationhistory", "name": "Can delete migration history", "content_type": ["south", "migrationhistory"]}}, {"pk": 25, "model": "auth.permission", "fields": {"codename": "add_grupo", "name": "Can add grupo", "content_type": ["dbadmin", "grupo"]}}, {"pk": 26, "model": "auth.permission", "fields": {"codename": "change_grupo", "name": "Can change grupo", "content_type": ["dbadmin", "grupo"]}}, {"pk": 27, "model": "auth.permission", "fields": {"codename": "delete_grupo", "name": "Can delete grupo", "content_type": ["dbadmin", "grupo"]}}, {"pk": 28, "model": "auth.permission", "fields": {"codename": "add_banco", "name": "Can add banco", "content_type": ["dbadmin", "banco"]}}, {"pk": 29, "model": "auth.permission", "fields": {"codename": "change_banco", "name": "Can change banco", "content_type": ["dbadmin", "banco"]}}, {"pk": 30, "model": "auth.permission", "fields": {"codename": "delete_banco", "name": "Can delete banco", "content_type": ["dbadmin", "banco"]}}, {"pk": 31, "model": "auth.permission", "fields": {"codename": "add_categoria", "name": "Can add categoria", "content_type": ["dbadmin", "categoria"]}}, {"pk": 32, "model": "auth.permission", "fields": {"codename": "change_categoria", "name": "Can change categoria", "content_type": ["dbadmin", "categoria"]}}, {"pk": 33, "model": "auth.permission", "fields": {"codename": "delete_categoria", "name": "Can delete categoria", "content_type": ["dbadmin", "categoria"]}}, {"pk": 34, "model": "auth.permission", "fields": {"codename": "add_cliente", "name": "Can add cliente", "content_type": ["dbadmin", "cliente"]}}, {"pk": 35, "model": "auth.permission", "fields": {"codename": "change_cliente", "name": "Can change cliente", "content_type": ["dbadmin", "cliente"]}}, {"pk": 36, "model": "auth.permission", "fields": {"codename": "delete_cliente", "name": "Can delete cliente", "content_type": ["dbadmin", "cliente"]}}, {"pk": 37, "model": "auth.permission", "fields": {"codename": "add_cobranza", "name": "Can add cobranza", "content_type": ["dbadmin", "cobranza"]}}, {"pk": 38, "model": "auth.permission", "fields": {"codename": "change_cobranza", "name": "Can change cobranza", "content_type": ["dbadmin", "cobranza"]}}, {"pk": 39, "model": "auth.permission", "fields": {"codename": "delete_cobranza", "name": "Can delete cobranza", "content_type": ["dbadmin", "cobranza"]}}, {"pk": 40, "model": "auth.permission", "fields": {"codename": "add_cuentaporcobrar", "name": "Can add cuenta por cobrar", "content_type": ["dbadmin", "cuentaporcobrar"]}}, {"pk": 41, "model": "auth.permission", "fields": {"codename": "change_cuentaporcobrar", "name": "Can change cuenta por cobrar", "content_type": ["dbadmin", "cuentaporcobrar"]}}, {"pk": 42, "model": "auth.permission", "fields": {"codename": "delete_cuentaporcobrar", "name": "Can delete cuenta por cobrar", "content_type": ["dbadmin", "cuentaporcobrar"]}}, {"pk": 43, "model": "auth.permission", "fields": {"codename": "add_deposito", "name": "Can add dep\u00f3sito", "content_type": ["dbadmin", "deposito"]}}, {"pk": 44, "model": "auth.permission", "fields": {"codename": "change_deposito", "name": "Can change dep\u00f3sito", "content_type": ["dbadmin", "deposito"]}}, {"pk": 45, "model": "auth.permission", "fields": {"codename": "delete_deposito", "name": "Can delete dep\u00f3sito", "content_type": ["dbadmin", "deposito"]}}, {"pk": 46, "model": "auth.permission", "fields": {"codename": "add_detalleproducto", "name": "Can add detalle producto", "content_type": ["dbadmin", "detalleproducto"]}}, {"pk": 47, "model": "auth.permission", "fields": {"codename": "change_detalleproducto", "name": "Can change detalle producto", "content_type": ["dbadmin", "detalleproducto"]}}, {"pk": 48, "model": "auth.permission", "fields": {"codename": "delete_detalleproducto", "name": "Can delete detalle producto", "content_type": ["dbadmin", "detalleproducto"]}}, {"pk": 49, "model": "auth.permission", "fields": {"codename": "add_direccion", "name": "Can add direccion", "content_type": ["dbadmin", "direccion"]}}, {"pk": 50, "model": "auth.permission", "fields": {"codename": "change_direccion", "name": "Can change direccion", "content_type": ["dbadmin", "direccion"]}}, {"pk": 51, "model": "auth.permission", "fields": {"codename": "delete_direccion", "name": "Can delete direccion", "content_type": ["dbadmin", "direccion"]}}, {"pk": 52, "model": "auth.permission", "fields": {"codename": "add_item", "name": "Can add item", "content_type": ["dbadmin", "item"]}}, {"pk": 53, "model": "auth.permission", "fields": {"codename": "change_item", "name": "Can change item", "content_type": ["dbadmin", "item"]}}, {"pk": 54, "model": "auth.permission", "fields": {"codename": "delete_item", "name": "Can delete item", "content_type": ["dbadmin", "item"]}}, {"pk": 55, "model": "auth.permission", "fields": {"codename": "add_itempedido", "name": "Can add item pedido", "content_type": ["dbadmin", "itempedido"]}}, {"pk": 56, "model": "auth.permission", "fields": {"codename": "change_itempedido", "name": "Can change item pedido", "content_type": ["dbadmin", "itempedido"]}}, {"pk": 57, "model": "auth.permission", "fields": {"codename": "delete_itempedido", "name": "Can delete item pedido", "content_type": ["dbadmin", "itempedido"]}}, {"pk": 58, "model": "auth.permission", "fields": {"codename": "add_metodopago", "name": "Can add metodo pago", "content_type": ["dbadmin", "metodopago"]}}, {"pk": 59, "model": "auth.permission", "fields": {"codename": "change_metodopago", "name": "Can change metodo pago", "content_type": ["dbadmin", "metodopago"]}}, {"pk": 60, "model": "auth.permission", "fields": {"codename": "delete_metodopago", "name": "Can delete metodo pago", "content_type": ["dbadmin", "metodopago"]}}, {"pk": 61, "model": "auth.permission", "fields": {"codename": "add_motivo", "name": "Can add motivo", "content_type": ["dbadmin", "motivo"]}}, {"pk": 62, "model": "auth.permission", "fields": {"codename": "change_motivo", "name": "Can change motivo", "content_type": ["dbadmin", "motivo"]}}, {"pk": 63, "model": "auth.permission", "fields": {"codename": "delete_motivo", "name": "Can delete motivo", "content_type": ["dbadmin", "motivo"]}}, {"pk": 64, "model": "auth.permission", "fields": {"codename": "add_pago", "name": "Can add pago", "content_type": ["dbadmin", "pago"]}}, {"pk": 65, "model": "auth.permission", "fields": {"codename": "change_pago", "name": "Can change pago", "content_type": ["dbadmin", "pago"]}}, {"pk": 66, "model": "auth.permission", "fields": {"codename": "delete_pago", "name": "Can delete pago", "content_type": ["dbadmin", "pago"]}}, {"pk": 67, "model": "auth.permission", "fields": {"codename": "add_pedido", "name": "Can add pedido", "content_type": ["dbadmin", "pedido"]}}, {"pk": 68, "model": "auth.permission", "fields": {"codename": "change_pedido", "name": "Can change pedido", "content_type": ["dbadmin", "pedido"]}}, {"pk": 69, "model": "auth.permission", "fields": {"codename": "delete_pedido", "name": "Can delete pedido", "content_type": ["dbadmin", "pedido"]}}, {"pk": 70, "model": "auth.permission", "fields": {"codename": "add_producto", "name": "Can add producto", "content_type": ["dbadmin", "producto"]}}, {"pk": 71, "model": "auth.permission", "fields": {"codename": "change_producto", "name": "Can change producto", "content_type": ["dbadmin", "producto"]}}, {"pk": 72, "model": "auth.permission", "fields": {"codename": "delete_producto", "name": "Can delete producto", "content_type": ["dbadmin", "producto"]}}, {"pk": 73, "model": "auth.permission", "fields": {"codename": "add_unidad", "name": "Can add unidad", "content_type": ["dbadmin", "unidad"]}}, {"pk": 74, "model": "auth.permission", "fields": {"codename": "change_unidad", "name": "Can change unidad", "content_type": ["dbadmin", "unidad"]}}, {"pk": 75, "model": "auth.permission", "fields": {"codename": "delete_unidad", "name": "Can delete unidad", "content_type": ["dbadmin", "unidad"]}}, {"pk": 76, "model": "auth.permission", "fields": {"codename": "add_visita", "name": "Can add visita", "content_type": ["dbadmin", "visita"]}}, {"pk": 77, "model": "auth.permission", "fields": {"codename": "change_visita", "name": "Can change visita", "content_type": ["dbadmin", "visita"]}}, {"pk": 78, "model": "auth.permission", "fields": {"codename": "delete_visita", "name": "Can delete visita", "content_type": ["dbadmin", "visita"]}}, {"pk": 79, "model": "auth.permission", "fields": {"codename": "add_visitaclose", "name": "Can add Cerrar Visitas", "content_type": ["dbadmin", "visita"]}}, {"pk": 80, "model": "auth.permission", "fields": {"codename": "change_visitaclose", "name": "Can change Cerrar Visitas", "content_type": ["dbadmin", "visita"]}}, {"pk": 81, "model": "auth.permission", "fields": {"codename": "delete_visitaclose", "name": "Can delete Cerrar Visitas", "content_type": ["dbadmin", "visita"]}}, {"pk": 82, "model": "auth.permission", "fields": {"codename": "add_visitareschedule", "name": "Can add Reagendar Visitas", "content_type": ["dbadmin", "visita"]}}, {"pk": 83, "model": "auth.permission", "fields": {"codename": "change_visitareschedule", "name": "Can change Reagendar Visitas", "content_type": ["dbadmin", "visita"]}}, {"pk": 84, "model": "auth.permission", "fields": {"codename": "delete_visitareschedule", "name": "Can delete Reagendar Visitas", "content_type": ["dbadmin", "visita"]}}, {"pk": 85, "model": "auth.permission", "fields": {"codename": "add_rsgrupousuario", "name": "Can add rs grupo usuario", "content_type": ["dbadmin", "rsgrupousuario"]}}, {"pk": 86, "model": "auth.permission", "fields": {"codename": "change_rsgrupousuario", "name": "Can change rs grupo usuario", "content_type": ["dbadmin", "rsgrupousuario"]}}, {"pk": 87, "model": "auth.permission", "fields": {"codename": "delete_rsgrupousuario", "name": "Can delete rs grupo usuario", "content_type": ["dbadmin", "rsgrupousuario"]}}, {"pk": 88, "model": "auth.permission", "fields": {"codename": "add_usuario", "name": "Can add usuario", "content_type": ["dbadmin", "usuario"]}}, {"pk": 89, "model": "auth.permission", "fields": {"codename": "change_usuario", "name": "Can change usuario", "content_type": ["dbadmin", "usuario"]}}, {"pk": 90, "model": "auth.permission", "fields": {"codename": "delete_usuario", "name": "Can delete usuario", "content_type": ["dbadmin", "usuario"]}}, {"pk": 91, "model": "auth.permission", "fields": {"codename": "add_secuencia", "name": "Can add secuencia", "content_type": ["dbadmin", "secuencia"]}}, {"pk": 92, "model": "auth.permission", "fields": {"codename": "change_secuencia", "name": "Can change secuencia", "content_type": ["dbadmin", "secuencia"]}}, {"pk": 93, "model": "auth.permission", "fields": {"codename": "delete_secuencia", "name": "Can delete secuencia", "content_type": ["dbadmin", "secuencia"]}}, {"pk": 1, "model": "auth.user", "fields": {"username": "admin", "first_name": "", "last_name": "", "is_active": true, "is_superuser": true, "is_staff": true, "last_login": "2013-04-23T15:12:35Z", "groups": [], "user_permissions": [], "password": "pbkdf2_sha256$10000$GRrWEACLYJvx$DZIai7uIer9tn0INLAVMEEyulud1QZqlvj2t0f9wRMs=", "email": "a@h.com", "date_joined": "2013-04-22T20:51:10Z"}}, {"pk": 2, "model": "auth.user", "fields": {"username": "user", "first_name": "", "last_name": "", "is_active": true, "is_superuser": false, "is_staff": true, "last_login": "2013-04-23T15:13:12Z", "groups": [], "user_permissions": [["add_logentry", "admin", "logentry"], ["change_logentry", "admin", "logentry"], ["delete_logentry", "admin", "logentry"], ["add_group", "auth", "group"], ["change_group", "auth", "group"], ["delete_group", "auth", "group"], ["add_permission", "auth", "permission"], ["change_permission", "auth", "permission"], ["delete_permission", "auth", "permission"], ["add_user", "auth", "user"], ["change_user", "auth", "user"], ["delete_user", "auth", "user"], ["add_contenttype", "contenttypes", "contenttype"], ["change_contenttype", "contenttypes", "contenttype"], ["delete_contenttype", "contenttypes", "contenttype"], ["add_banco", "dbadmin", "banco"], ["change_banco", "dbadmin", "banco"], ["delete_banco", "dbadmin", "banco"], ["add_categoria", "dbadmin", "categoria"], ["change_categoria", "dbadmin", "categoria"], ["delete_categoria", "dbadmin", "categoria"], ["add_cliente", "dbadmin", "cliente"], ["change_cliente", "dbadmin", "cliente"], ["delete_cliente", "dbadmin", "cliente"], ["add_cobranza", "dbadmin", "cobranza"], ["change_cobranza", "dbadmin", "cobranza"], ["delete_cobranza", "dbadmin", "cobranza"], ["add_cuentaporcobrar", "dbadmin", "cuentaporcobrar"], ["change_cuentaporcobrar", "dbadmin", "cuentaporcobrar"], ["delete_cuentaporcobrar", "dbadmin", "cuentaporcobrar"], ["add_deposito", "dbadmin", "deposito"], ["change_deposito", "dbadmin", "deposito"], ["delete_deposito", "dbadmin", "deposito"], ["add_detalleproducto", "dbadmin", "detalleproducto"], ["change_detalleproducto", "dbadmin", "detalleproducto"], ["delete_detalleproducto", "dbadmin", "detalleproducto"], ["add_direccion", "dbadmin", "direccion"], ["change_direccion", "dbadmin", "direccion"], ["delete_direccion", "dbadmin", "direccion"], ["add_grupo", "dbadmin", "grupo"], ["change_grupo", "dbadmin", "grupo"], ["delete_grupo", "dbadmin", "grupo"], ["add_item", "dbadmin", "item"], ["change_item", "dbadmin", "item"], ["delete_item", "dbadmin", "item"], ["add_itempedido", "dbadmin", "itempedido"], ["change_itempedido", "dbadmin", "itempedido"], ["delete_itempedido", "dbadmin", "itempedido"], ["add_metodopago", "dbadmin", "metodopago"], ["change_metodopago", "dbadmin", "metodopago"], ["delete_metodopago", "dbadmin", "metodopago"], ["add_motivo", "dbadmin", "motivo"], ["change_motivo", "dbadmin", "motivo"], ["delete_motivo", "dbadmin", "motivo"], ["add_pago", "dbadmin", "pago"], ["change_pago", "dbadmin", "pago"], ["delete_pago", "dbadmin", "pago"], ["add_pedido", "dbadmin", "pedido"], ["change_pedido", "dbadmin", "pedido"], ["delete_pedido", "dbadmin", "pedido"], ["add_producto", "dbadmin", "producto"], ["change_producto", "dbadmin", "producto"], ["delete_producto", "dbadmin", "producto"], ["add_rsgrupousuario", "dbadmin", "rsgrupousuario"], ["change_rsgrupousuario", "dbadmin", "rsgrupousuario"], ["delete_rsgrupousuario", "dbadmin", "rsgrupousuario"], ["add_unidad", "dbadmin", "unidad"], ["change_unidad", "dbadmin", "unidad"], ["delete_unidad", "dbadmin", "unidad"], ["add_usuario", "dbadmin", "usuario"], ["change_usuario", "dbadmin", "usuario"], ["delete_usuario", "dbadmin", "usuario"], ["add_visita", "dbadmin", "visita"], ["add_visitaclose", "dbadmin", "visita"], ["add_visitareschedule", "dbadmin", "visita"], ["change_visita", "dbadmin", "visita"], ["change_visitaclose", "dbadmin", "visita"], ["change_visitareschedule", "dbadmin", "visita"], ["delete_visita", "dbadmin", "visita"], ["delete_visitaclose", "dbadmin", "visita"], ["delete_visitareschedule", "dbadmin", "visita"], ["add_session", "sessions", "session"], ["change_session", "sessions", "session"], ["delete_session", "sessions", "session"], ["add_site", "sites", "site"], ["change_site", "sites", "site"], ["delete_site", "sites", "site"], ["add_migrationhistory", "south", "migrationhistory"], ["change_migrationhistory", "south", "migrationhistory"], ["delete_migrationhistory", "south", "migrationhistory"]], "password": "pbkdf2_sha256$10000$Yz448J7YfQ7D$qiWk3HlmDPKbP+Epk/KAIiMHJY6qnWyY4dkIbINV4MI=", "email": "", "date_joined": "2013-04-23T10:58:00Z"}}, {"pk": 1, "model": "admin.logentry", "fields": {"action_flag": 1, "action_time": "2013-04-23T13:36:19Z", "object_repr": "TEST PRODUCTO", "object_id": "usuario1:webadmin:1366724179", "change_message": "", "user": ["admin"], "content_type": ["dbadmin", "producto"]}}, {"pk": 2, "model": "admin.logentry", "fields": {"action_flag": 2, "action_time": "2013-04-23T13:36:39Z", "object_repr": "TEST PRODUCTO", "object_id": "usuario1:webadmin:1366724179", "change_message": "Modificado/a categoria, tipo, linea, calidad, tamano y color.", "user": ["admin"], "content_type": ["dbadmin", "producto"]}}, {"pk": 3, "model": "admin.logentry", "fields": {"action_flag": 1, "action_time": "2013-04-23T13:46:47Z", "object_repr": "TEST PRODUCTO2", "object_id": "usuario1:webadmin:1366724807", "change_message": "", "user": ["admin"], "content_type": ["dbadmin", "producto"]}}, {"pk": 4, "model": "admin.logentry", "fields": {"action_flag": 1, "action_time": "2013-04-23T13:51:06Z", "object_repr": "TEST PRODUCTO2", "object_id": "usuario1:webadmin:1366725059", "change_message": "", "user": ["admin"], "content_type": ["dbadmin", "producto"]}}, {"pk": 5, "model": "admin.logentry", "fields": {"action_flag": 1, "action_time": "2013-04-23T13:51:25Z", "object_repr": "Producto Ama de Casa 3", "object_id": "usuario1:webadmin:1366725084", "change_message": "", "user": ["admin"], "content_type": ["dbadmin", "producto"]}}, {"pk": 6, "model": "admin.logentry", "fields": {"action_flag": 1, "action_time": "2013-04-23T13:54:08Z", "object_repr": "TEST PRODUCTO2", "object_id": "usuario1:webadmin:None", "change_message": "", "user": ["admin"], "content_type": ["dbadmin", "producto"]}}, {"pk": 7, "model": "admin.logentry", "fields": {"action_flag": 1, "action_time": "2013-04-23T13:55:53Z", "object_repr": "TEST PRODUCTO2", "object_id": "usuario1:webadmin:1366725353", "change_message": "", "user": ["admin"], "content_type": ["dbadmin", "producto"]}}, {"pk": 8, "model": "admin.logentry", "fields": {"action_flag": 3, "action_time": "2013-04-23T13:56:05Z", "object_repr": "TEST PRODUCTO2", "object_id": "usuario1:webadmin:None", "change_message": "", "user": ["admin"], "content_type": ["dbadmin", "producto"]}}, {"pk": 9, "model": "admin.logentry", "fields": {"action_flag": 3, "action_time": "2013-04-23T13:56:05Z", "object_repr": "TEST PRODUCTO2", "object_id": "usuario1:webadmin:1366725353", "change_message": "", "user": ["admin"], "content_type": ["dbadmin", "producto"]}}, {"pk": 10, "model": "admin.logentry", "fields": {"action_flag": 3, "action_time": "2013-04-23T13:56:05Z", "object_repr": "Producto Ama de Casa 3", "object_id": "usuario1:webadmin:1366725084", "change_message": "", "user": ["admin"], "content_type": ["dbadmin", "producto"]}}, {"pk": 11, "model": "admin.logentry", "fields": {"action_flag": 3, "action_time": "2013-04-23T13:56:05Z", "object_repr": "TEST PRODUCTO2", "object_id": "usuario1:webadmin:1366725059", "change_message": "", "user": ["admin"], "content_type": ["dbadmin", "producto"]}}, {"pk": 12, "model": "admin.logentry", "fields": {"action_flag": 3, "action_time": "2013-04-23T13:56:05Z", "object_repr": "TEST PRODUCTO2", "object_id": "usuario1:webadmin:1366724807", "change_message": "", "user": ["admin"], "content_type": ["dbadmin", "producto"]}}, {"pk": 13, "model": "admin.logentry", "fields": {"action_flag": 3, "action_time": "2013-04-23T13:56:05Z", "object_repr": "TEST PRODUCTO", "object_id": "usuario1:webadmin:1366724179", "change_message": "", "user": ["admin"], "content_type": ["dbadmin", "producto"]}}, {"pk": 14, "model": "admin.logentry", "fields": {"action_flag": 1, "action_time": "2013-04-23T13:56:32Z", "object_repr": "TEST PRODUCTO", "object_id": "usuario1:webadmin:1366725392", "change_message": "", "user": ["admin"], "content_type": ["dbadmin", "producto"]}}, {"pk": 15, "model": "admin.logentry", "fields": {"action_flag": 1, "action_time": "2013-04-23T13:57:43Z", "object_repr": "user2", "object_id": "user2", "change_message": "", "user": ["admin"], "content_type": ["dbadmin", "usuario"]}}, {"pk": 16, "model": "admin.logentry", "fields": {"action_flag": 2, "action_time": "2013-04-23T13:57:58Z", "object_repr": "TEST PRODUCTO", "object_id": "usuario1:webadmin:1366725392", "change_message": "Modificado/a categoria, tipo, linea, calidad, tamano y color.", "user": ["admin"], "content_type": ["dbadmin", "producto"]}}, {"pk": 17, "model": "admin.logentry", "fields": {"action_flag": 2, "action_time": "2013-04-23T13:58:10Z", "object_repr": "TEST PRODUCTO", "object_id": "usuario1:webadmin:1366725392", "change_message": "Modificado/a precio, categoria, tipo, linea, calidad, tamano y color.", "user": ["admin"], "content_type": ["dbadmin", "producto"]}}, {"pk": 18, "model": "admin.logentry", "fields": {"action_flag": 2, "action_time": "2013-04-23T13:58:28Z", "object_repr": "usuario1", "object_id": "usuario1", "change_message": "Modificado/a apellido y correo.", "user": ["admin"], "content_type": ["dbadmin", "usuario"]}}, {"pk": 19, "model": "admin.logentry", "fields": {"action_flag": 1, "action_time": "2013-04-23T14:01:50Z", "object_repr": "Unidad object", "object_id": "usuario1:webadmin:1366725710", "change_message": "", "user": ["admin"], "content_type": ["dbadmin", "unidad"]}}, {"pk": 20, "model": "admin.logentry", "fields": {"action_flag": 1, "action_time": "2013-04-23T14:02:43Z", "object_repr": "#1234", "object_id": "usuario1:webadmin:1366725763", "change_message": "", "user": ["admin"], "content_type": ["dbadmin", "pedido"]}}, {"pk": 21, "model": "admin.logentry", "fields": {"action_flag": 2, "action_time": "2013-04-23T14:02:54Z", "object_repr": "#1234", "object_id": "usuario1:webadmin:1366725763", "change_message": "Modificado/a total.", "user": ["admin"], "content_type": ["dbadmin", "pedido"]}}, {"pk": 22, "model": "admin.logentry", "fields": {"action_flag": 2, "action_time": "2013-04-23T14:03:14Z", "object_repr": "TEST CLIENTE", "object_id": "usuario1:webadmin:1366718812", "change_message": "Modificado/a codigo.", "user": ["admin"], "content_type": ["dbadmin", "cliente"]}}, {"pk": 23, "model": "admin.logentry", "fields": {"action_flag": 1, "action_time": "2013-04-23T14:03:48Z", "object_repr": "TEST CLIENTE2", "object_id": "usuario1:webadmin:1366725828", "change_message": "", "user": ["admin"], "content_type": ["dbadmin", "cliente"]}}, {"pk": 24, "model": "admin.logentry", "fields": {"action_flag": 1, "action_time": "2013-04-23T14:04:07Z", "object_repr": "#12345678 (TEST CONCEPTO)", "object_id": "usuario1:webadmin:1366725847", "change_message": "", "user": ["admin"], "content_type": ["dbadmin", "cobranza"]}}, {"pk": 25, "model": "admin.logentry", "fields": {"action_flag": 2, "action_time": "2013-04-23T14:04:43Z", "object_repr": "#12345678 (TEST CONCEPTO)", "object_id": "usuario1:webadmin:1366725847", "change_message": "Modificado/a impreso.", "user": ["admin"], "content_type": ["dbadmin", "cobranza"]}}, {"pk": 26, "model": "admin.logentry", "fields": {"action_flag": 2, "action_time": "2013-04-23T14:04:55Z", "object_repr": "12345", "object_id": "usuario1:webadmin:1366718926", "change_message": "Modificado/a numero_documento.", "user": ["admin"], "content_type": ["dbadmin", "cuentaporcobrar"]}}, {"pk": 27, "model": "admin.logentry", "fields": {"action_flag": 1, "action_time": "2013-04-23T14:05:16Z", "object_repr": "987656", "object_id": "usuario1:webadmin:1366725916", "change_message": "", "user": ["admin"], "content_type": ["dbadmin", "cuentaporcobrar"]}}, {"pk": 28, "model": "admin.logentry", "fields": {"action_flag": 2, "action_time": "2013-04-23T14:05:32Z", "object_repr": "12345", "object_id": "usuario1:webadmin:1366718926", "change_message": "Modificado/a fecha_vencimiento.", "user": ["admin"], "content_type": ["dbadmin", "cuentaporcobrar"]}}, {"pk": 29, "model": "admin.logentry", "fields": {"action_flag": 1, "action_time": "2013-04-23T14:06:03Z", "object_repr": "1234", "object_id": "usuario1:webadmin:1366725963", "change_message": "", "user": ["admin"], "content_type": ["dbadmin", "deposito"]}}, {"pk": 30, "model": "admin.logentry", "fields": {"action_flag": 1, "action_time": "2013-04-23T15:13:31Z", "object_repr": "TEST CLIENTE2 Fecha: 24/04/2013 ", "object_id": "user2:webadmin:1366730011", "change_message": "", "user": ["user"], "content_type": ["dbadmin", "visita"]}}, {"pk": 31, "model": "admin.logentry", "fields": {"action_flag": 2, "action_time": "2013-04-23T15:13:52Z", "object_repr": "TEST CLIENTE2 Fecha: 24/04/2013  REAGENDADA", "object_id": "user2:webadmin:1366730011", "change_message": "Modificado/a fecha_reagenda.", "user": ["user"], "content_type": ["dbadmin", "visita"]}}, {"pk": 32, "model": "admin.logentry", "fields": {"action_flag": 2, "action_time": "2013-04-23T15:14:05Z", "object_repr": "TEST CLIENTE2 Fecha: 24/04/2013  CERRADA", "object_id": "user2:webadmin:1366730011", "change_message": "Modificado/a id_motivo_no_visita y visitado.", "user": ["user"], "content_type": ["dbadmin", "visita"]}}, {"pk": 33, "model": "admin.logentry", "fields": {"action_flag": 1, "action_time": "2013-04-23T15:14:22Z", "object_repr": "TEST CLIENTE Fecha: 25/04/2013 ", "object_id": "user2:webadmin:1366730062", "change_message": "", "user": ["user"], "content_type": ["dbadmin", "visita"]}}, {"pk": "user2", "model": "dbadmin.usuario", "fields": {"codigo": "12345", "adminuser": ["user"], "apellido": "APELLIDO", "correo": "comercialdjesus@hotmail.com", "field_timestamp_m": "2013-04-23T10:43:00", "field_deleted": false, "nombre": "TEST USUARIO", "field_timestamp_c": "2013-04-23T10:43:00", "password": "user2"}}, {"pk": "usuario1", "model": "dbadmin.usuario", "fields": {"codigo": "32", "adminuser": ["admin"], "apellido": "APELLIDO", "correo": "comercialdjesus@hotmail.com", "field_timestamp_m": "2013-04-22T20:55:29", "field_deleted": false, "nombre": "TEST USER", "field_timestamp_c": "2013-04-22T20:55:19", "password": "1234"}}]